submission,submit_time
https://ckd.upgrad.com/UpGrad/73ba5189-94fd-44aa-88d3-6b36aaa69b02/DDA1610095.zip,01/03/17-20:28:52
https://ckd.upgrad.com/UpGrad/185242ff-7508-4cc4-afa3-5865733ba1d4/DDA1610288.zip,01/03/17-20:18:21
https://ckd.upgrad.com/UpGrad/a353d129-c100-4342-aa95-a7018ff93150/DDA1610106.zip,01/03/17-22:37:08
https://ckd.upgrad.com/UpGrad/002fc912-faa1-4948-9358-fcdabfd7669c/DDA1610261.zip,01/02/17-21:43:19
https://ckd.upgrad.com/UpGrad/25cbc4a4-6d49-4ffa-9bf1-06bdb1a7cf8f/DDA1610028.zip,01/03/17-15:27:49
https://ckd.upgrad.com/UpGrad/0ab308ab-2b3a-4c74-9bac-c12567a04754/DDA1610059.zip,01/04/17-02:43:46
https://ckd.upgrad.com/UpGrad/ba2c249c-dac8-4619-a978-7fc4d15a9a89/DDA1610087.zip,01/03/17-23:41:25
https://ckd.upgrad.com/UpGrad/d8969806-6760-4428-a861-545fb4aff136/DDA1610042.zip,01/09/17-23:49:09
https://ckd.upgrad.com/UpGrad/5ff1d0ab-816b-48c0-a5a2-b76b1fd1d787/DDA1610060.zip,12/30/16-14:14:17
https://ckd.upgrad.com/UpGrad/0d507851-d102-4714-866c-348b0acf053f/DDA1610195.R,01/03/17-21:18:04
https://ckd.upgrad.com/UpGrad/9a756d83-7a83-49a7-bd18-4c61aaab32b6/DDA1610084.zip,01/03/17-23:55:41
https://ckd.upgrad.com/UpGrad/873211b9-5a3q-4510-91cb-awqbd210a7f/DDA1610008.zip,01/09/17-23:41:23
https://ckd.upgrad.com/UpGrad/1c4b7a1a-8287-45b4-b774-2c5388031532/DDA1610206.zip,01/03/17-23:49:21
https://ckd.upgrad.com/UpGrad/7091a8b2-d3ba-43aa-8a6c-6daf63f1a60b/DDA1610018.zip,01/03/17-20:13:50
https://ckd.upgrad.com/UpGrad/5adfdcbb-a728-496d-b3ac-f95116b09b14/DDA1610097.zip,01/03/17-20:52:33
https://ckd.upgrad.com/UpGrad/042f9a24-6595-448d-b3ca-019713a4bdff/DDA1610107.zip,01/03/17-18:22:59
https://ckd.upgrad.com/UpGrad/f0c04fba-56d2-4ac5-bcaa-f355a9324c07/DDA1610262.zip,01/04/17-01:43:43
https://ckd.upgrad.com/UpGrad/bb7a7237-419d-408d-9bd3-8da51d31c0ba/DDA1610273.zip,01/03/17-23:59:35
https://ckd.upgrad.com/UpGrad/a790dc52-359f-475f-9b35-841a552c949b/DDA1680725.zip,01/02/17-23:45:18
https://ckd.upgrad.com/UpGrad/420af317-8a55-4a5b-9f3d-33377ba51daa/DDA1610030.zip,01/03/17-23:20:31
https://ckd.upgrad.com/UpGrad/8268791a-c6a8-422a-ad4d-2d1138163328/DDA1680292.zip,01/03/17-23:56:45
https://ckd.upgrad.com/UpGrad/7cbc35aa-1d5c-4d17-b669-5bb9ab5b2f3c/DDA1610234.zip,01/09/17-23:59:21
https://ckd.upgrad.com/UpGrad/1244015f-95d6-458a-a1cf-5034c37da339/DDA1610207.zip,01/03/17-14:52:54
https://ckd.upgrad.com/UpGrad/a65db4a2-3d36-46bf-9c00-c6b66fa87a3d/DDA1610010.zip,01/01/17-22:03:32
https://ckd.upgrad.com/UpGrad/a4d13ca3-9b40-4045-a44b-18f15f0b4ab2/DDA1610191.zip,01/04/17-00:04:08
https://ckd.upgrad.com/UpGrad/7996d076-6118-4877-b408-28ab90111d4d/DDA1610128.zip,01/03/17-20:40:53
https://ckd.upgrad.com/UpGrad/8fd2afb9-7bc2-4184-8c34-c2b083bbaab7/DDA1610118.zip,01/03/17-23:11:11
https://ckd.upgrad.com/UpGrad/a19279d5-a025-45d1-9cf3-94f0c3aa63ad/DDA1610131.zip,01/03/17-21:36:16
https://ckd.upgrad.com/UpGrad/3f50884a-4fd0-4826-9838-61a6781939ab/DDA1610160.zip,01/09/17-23:26:15
https://ckd.upgrad.com/UpGrad/48781790-093d-42c9-9593-5d796ca34fff/DDA1610290.zip,01/04/17-00:03:26
https://ckd.upgrad.com/UpGrad/cc4f866d-b532-409a-924d-2acbaab74165/DDA1610056.zip,01/04/17-00:01:00
https://ckd.upgrad.com/UpGrad/8133c6ac-6589-4237-8795-b0f708bf5a16/DDA1610145.zip,01/03/17-13:20:33
https://ckd.upgrad.com/UpGrad/a5302db0-f909-4aa0-9329-ad3a85a117bb/DDA1610180.zip,12/28/16-21:40:59
https://ckd.upgrad.com/UpGrad/1c9a2339-f41d-4fa8-afcc-9ab929a7413f/DDA1610057.zip,01/02/17-04:58:46
https://ckd.upgrad.com/UpGrad/00a50aab-8bd3-4cda-85a3-da3c045f24a6/DDA1610155.zip,01/03/17-23:30:12
https://ckd.upgrad.com/UpGrad/c99cb4cc-aa92-42a7-93af-954002d6c16a/DDA1610026.zip,01/03/17-22:36:08
https://ckd.upgrad.com/UpGrad/9dcaaf78-bcbf-43f1-bfc5-165a993a99b8/DDA1610049.zip,01/09/17-01:21:34
https://ckd.upgrad.com/UpGrad/17026bb3-ab3c-4f8f-8acc-04f6bfc93089/DDA1610181.zip,01/03/17-10:09:29
https://ckd.upgrad.com/UpGrad/b3b14536-b46b-47a6-b98c-c5c81cc0f3dc/DDA1610068.zip,02/03/17-04:02:28
https://ckd.upgrad.com/UpGrad/da1aafff-477d-4739-9239-2d26aaafbbc7/DDA1610231.zip,01/03/17-23:36:56
https://ckd.upgrad.com/UpGrad/0c217b64-4160-450b-a94a-cca6075a4990/DDA1610289.R,01/09/17-23:31:05
https://ckd.upgrad.com/UpGrad/684aaf00-355c-4b97-93b9-f613c6a9cbab/DDA1610179.zip,01/04/17-01:17:23
https://ckd.upgrad.com/UpGrad/68cf9c59-621b-4708-9c8d-dab9aab6491f/DDA1610037.zip,01/03/17-01:46:10
https://ckd.upgrad.com/UpGrad/32cb7df0-b430-482b-b951-9a84968b53a3/DDA1610156.R,01/17/17-13:56:23
https://ckd.upgrad.com/UpGrad/5fda5ddd-d9a5-487c-ac7b-2a656bfb72df/DDA1610032.zip,01/03/17-23:37:49
https://ckd.upgrad.com/UpGrad/bd8ddf8a-ac47-4c7b-af9b-62006cf875ba/DDA1610140.zip,01/03/17-23:39:12
https://ckd.upgrad.com/UpGrad/a4d5c706-26b6-47fd-91af-39a95dc80b37/DDA1610151.zip,01/03/17-23:02:52
https://ckd.upgrad.com/UpGrad/97727952-94cc-43ac-8b40-d0b235481c3b/DDA1610158.zip,01/10/17-01:02:44
https://ckd.upgrad.com/UpGrad/73584688-59aa-4335-bc24-89636292f566/DDA1610210.zip,01/03/17-21:21:14
https://ckd.upgrad.com/UpGrad/ad4a86a2-a05c-4f29-92d7-fd68b2da680a/DDA1610216.zip,01/03/17-20:31:51
https://ckd.upgrad.com/UpGrad/d1fdsdfkjhd-kjfh34-ssdfj3--65761cc9b1dc/DDA1610133.zip,01/03/17-16:38:12
https://ckd.upgrad.com/UpGrad/7998ba02-b315-4fb9-8a81-495fc89bc97f/DDA1610259.zip,01/03/17-23:24:27
https://ckd.upgrad.com/UpGrad/4aa8a126-4ac3-439c-8541-2f31bf862c54/DDA1610247.zip,01/03/17-21:35:31
https://ckd.upgrad.com/UpGrad/f2ac711c-3cfb-401d-b57c-95da44f8a95d/DDA1610020.zip,01/03/17-23:33:37
https://ckd.upgrad.com/UpGrad/7241d023-821b-48b2-8a01-ac761a7fd67c/DDA1610053.zip,01/03/17-14:27:59
https://ckd.upgrad.com/UpGrad/3c564a75-8738-47a4-8681-6384099c86ab/DDA1610303.zip,01/02/17-18:07:27
https://ckd.upgrad.com/UpGrad/58ccf7ab-f923-4c5a-81b0-ab5905193469/DDA1610012.zip,01/03/17-21:07:13
https://ckd.upgrad.com/UpGrad/b1d8a868-25aa-4237-98a4-945ab41db47a/DDA1610064.zip,01/03/17-23:38:16
https://ckd.upgrad.com/UpGrad/78cfa157-4db8-41fa-9459-26ca3f325c27/DDA1610196.zip,01/09/17-20:47:36
https://ckd.upgrad.com/UpGrad/cc7a66d1-0a45-4ba2-8b04-a17a7f303aaf/DDA1610136.zip,01/03/17-06:58:26
https://ckd.upgrad.com/UpGrad/10197df7-75ad-4541-8f4c-a06a6cbd4b1d/DDA1610110.zip,01/03/17-01:22:09
https://ckd.upgrad.com/UpGrad/9683d673-64a6-439b-a784-09cadd094a7f/DDA1610149.zip,01/04/17-12:10:23
https://ckd.upgrad.com/UpGrad/a0483f5f-aadb-4b04-9404-1a39495175ca/DDA1610038.zip,01/03/17-15:51:19
https://ckd.upgrad.com/UpGrad/8385f63b-6f2a-49d0-86aa-ca91cb01af91/DDA1610043.zip,01/02/17-13:43:58
https://ckd.upgrad.com/UpGrad/d8688f0b-aa39-44b9-aac6-a7a84536a1aa/DDA160171.zip,01/09/17-23:10:56
https://ckd.upgrad.com/UpGrad/a71b6a2c-8480-4536-96a2-214cf3930ad2/DDA1610221.zip,01/02/17-21:43:56
https://ckd.upgrad.com/UpGrad/31a3f38d-cb52-4348-80d5-d7f506a9185c/DDA1610240.zip,01/03/17-23:54:15
https://ckd.upgrad.com/UpGrad/d129b546-461d-4cba-aaca-1f8c5a191107/DDA1610074.zip,01/03/17-23:45:41
https://ckd.upgrad.com/UpGrad/9b44dbaa-a5a1-4f50-82a8-ba0c02a50130/DDA1610036.zip,01/03/17-22:35:42
https://ckd.upgrad.com/UpGrad/2bc51588-785a-48db-9441-bc5c251c229a/DDA1680250.zip,01/03/17-23:57:37
https://ckd.upgrad.com/UpGrad/56a01a39-85b3-4ba2-a9ad-acfb36b0a0d5/DDA1610022.zip,01/03/17-20:45:34
https://ckd.upgrad.com/UpGrad/93aa0536-acd7-4952-b9f8-c830af9d7934/DDA1610009.zip,01/03/17-20:39:49
https://ckd.upgrad.com/UpGrad/0b098368-5b74-4249-9783-a43c1ab48dab/DDA1610218.zip,01/01/17-02:59:32
https://ckd.upgrad.com/UpGrad/fc9dbaf6-da00-421a-8aa8-016a275add09/DDA1610203.zip,01/02/17-18:57:27
https://ckd.upgrad.com/UpGrad/04664062-2096-4078-a8a3-1a514adca3aa/DDA1610002.zip,01/03/17-23:10:36
https://ckd.upgrad.com/UpGrad/75849234-723-4893829c-8addfg5794/DDA1610219.zip,01/03/17-23:43:23
https://ckd.upgrad.com/UpGrad/757cfa2d-7cc1-44fa-a457-30af900a162f/DDA1610007.zip,01/02/17-21:22:13
https://ckd.upgrad.com/UpGrad/873210a9-5a3b-4510-9a3b-abb8bd210a6f/DDA1610008.zip,01/03/17-21:04:24
https://ckd.upgrad.com/UpGrad/5012a86d-b5fa-4afa-bbf2-8135a7ab8da0/DDA1610252.zip,01/09/17-23:53:34
https://ckd.upgrad.com/UpGrad/ad2d0318-244c-4a32-bba1-a4213a9c9a40/DDA1610092.zip,01/03/17-23:24:51
https://ckd.upgrad.com/UpGrad/777ab058-624f-49af-abd1-8727ffb7314b/DDA1610071.zip,12/30/16-23:11:10
https://ckd.upgrad.com/UpGrad/2b57031f-b618-4fdb-9a88-71b0baaa8729/DDA1610069.zip,01/03/17-22:59:23
https://ckd.upgrad.com/UpGrad/a83288af-3ff8-4963-9cc7-f5fc4a9971a8/DDA1610211.zip,12/21/16-16:26:07
https://ckd.upgrad.com/UpGrad/89949850-d646-43c8-9243-f0a5a9ca47d4/DDA1610212.zip,01/03/17-23:22:38
https://ckd.upgrad.com/UpGrad/3b8ad751-c637-4a74-bbd4-0d562f497333/DDA1610084.zip,01/03/17-23:29:04
https://ckd.upgrad.com/UpGrad/09842859-0c68-41dc-8548-b12c99223658/DDA1610017.zip,01/03/17-17:25:16
https://ckd.upgrad.com/UpGrad/90fa00f6-970a-4531-bb54-c05bf4a285ca/DDA1680201.zip,12/29/16-20:15:41
https://ckd.upgrad.com/UpGrad/1872b962-0f57-41da-bfc9-0402acc08d42/DDA1610263.zip,01/04/17-00:18:00
https://ckd.upgrad.com/UpGrad/1c200aba-36bb-479f-af17-b9f249a09600/DDA1610256.R,01/06/17-20:51:29
https://ckd.upgrad.com/UpGrad/b7a15111-4b45-43a9-a2b7-d2f77b18a8a8/DDA1610153.zip,01/03/17-23:51:49
https://ckd.upgrad.com/UpGrad/93fb305a-6bc4-4d52-a187-6fa05c2cd86a/DDA1610078.zip,01/09/17-10:18:10
https://ckd.upgrad.com/UpGrad/d7f243cd-af6f-4384-a340-cd387a9618d9/DDA1610229.zip,01/03/17-23:48:45
https://ckd.upgrad.com/UpGrad/3da649d8-faa0-4b6c-9faa-a84a2c869ba8/DDA1610115.zip,01/03/17-21:18:59
https://ckd.upgrad.com/UpGrad/a3b05347-32b0-4237-8542-acc8b96d633a/DDA1610159.zip,01/09/17-03:24:36
https://ckd.upgrad.com/UpGrad/d3c29483-787c-4b65-b28b-21cd9a1a3c1a/DDA1610082.zip,01/03/17-23:48:09
https://ckd.upgrad.com/UpGrad/abd34a57-b885-445a-a173-5fb201295407/DDA1610227.zip,01/03/17-23:21:15
https://ckd.upgrad.com/UpGrad/a314078b-2a6a-4b79-8d7c-b97d5bf2126c/DDA1610126.zip,01/03/17-15:38:28
https://ckd.upgrad.com/UpGrad/a620227c-83a5-4893-9d3c-74d56a5a44bd/DDA1610121.zip,01/02/17-23:50:42
https://ckd.upgrad.com/UpGrad/4712ca88-1aa5-4a55-824a-3ab4a71df656/DDA1610225.zip,01/03/17-22:46:24
https://ckd.upgrad.com/UpGrad/25a8fbfa-a768-4359-8598-f804c0d1864a/DDA1610239.zip,01/04/17-00:19:41
https://ckd.upgrad.com/UpGrad/7d390261-825a-4dac-9b6b-6fa782dad5c6/DDA1610086.zip,01/03/17-22:44:20
https://ckd.upgrad.com/UpGrad/4ca04551-bc59-4c7b-bd45-9f23451bf2b5/DDA1610232.zip,01/01/17-21:58:18
https://ckd.upgrad.com/UpGrad/d1f742cb-adbc-48ba-b9a7-65761cc9b1dc/DDA1610133.zip,12/30/16-00:21:55
https://ckd.upgrad.com/UpGrad/763f90f9-ddaa-4229-9aa6-66535a8dabc6/DDA1610242.zip,01/03/17-20:10:26
https://ckd.upgrad.com/UpGrad/05d82794-8b43-45bd-a55a-0a17b8b97967/DDA1610213.zip,01/08/17-20:03:27
https://ckd.upgrad.com/UpGrad/adba7f99-4a9d-4aba-a80f-bc35259c952c/DDA1610295.zip,01/03/17-23:32:35
https://ckd.upgrad.com/UpGrad/c0c74ba8-aa40-4341-8955-60291cfaa0c6/DDA1610164.zip,01/03/17-23:29:03
https://ckd.upgrad.com/UpGrad/dc2cf2d3-37bb-4095-b84a-6ddaa13bb2b3/DDA1610244.zip,01/03/17-23:37:04
https://ckd.upgrad.com/UpGrad/c824f343-b7bb-4494-8873-f9ab18a692a2/DDA1610005.zip,01/03/17-21:58:52
https://ckd.upgrad.com/UpGrad/b7a15111-4b45-43a9-a3a7-d2f77b18a8a8/DDA1610153.zip,01/03/17-22:55:31
https://ckd.upgrad.com/UpGrad/fac83ab8-b4c0-4476-af06-2f180f6f5a72/DDA1680935.zip,01/03/17-12:45:54
https://ckd.upgrad.com/UpGrad/df0cac65-fc97-4a5c-83a7-a424b16095ad/DDA1610268.zip,01/04/17-00:18:49
https://ckd.upgrad.com/UpGrad/a3a2a7b0-ca51-49a5-89c7-cab16ffa13a1/DDA1610113.zip,01/03/17-22:16:56
https://ckd.upgrad.com/UpGrad/d194a07b-c1c7-4f5b-8c4c-dad65cfaccf8/DDA1610122.zip,01/03/17-23:57:51
https://ckd.upgrad.com/UpGrad/6f02a066-4a3a-4f0d-8c3c-83f93668cbcf/DDA1610198.zip,01/03/17-23:58:10
https://ckd.upgrad.com/UpGrad/b93ca2f7-c3f7-4fca-8faf-1a17a283b59a/DDA1610091.zip,01/03/17-21:35:00
https://ckd.upgrad.com/UpGrad/9aa2b777-b54f-4749-b20f-45c3d3407c9a/DDA1610085.zip,01/03/17-23:58:35
https://ckd.upgrad.com/UpGrad/ca7ca2ad-1492-4658-8a01-f3fdcb5ac6a4/DDA1610117.zip,01/03/17-21:05:10
https://ckd.upgrad.com/UpGrad/5dd7fcb0-421b-48ca-8578-8890cc7a6a18/DDA1610282.zip,01/09/17-23:08:57
https://ckd.upgrad.com/UpGrad/9f5daa3f-7af5-4bb6-b005-34cb03188990/DDA1610301.zip,12/28/16-13:30:50
https://ckd.upgrad.com/UpGrad/6170aa11-5a1b-4abc-8ab1-858aca0bc757/DDA1610275.zip,01/03/17-21:55:53
https://ckd.upgrad.com/UpGrad/a5d6ac30-19a0-4741-a52d-467773a4d170/DDA1610197.zip,01/09/17-22:43:43
https://ckd.upgrad.com/UpGrad/79a8d86a-08d9-4c91-b165-a0054da0ca38/DDA1610134.zip,01/03/17-23:25:24
https://ckd.upgrad.com/UpGrad/22013159-6c97-4c97-93da-97c17f5c671d/DDA1610006.R,11/19/16-15:08:52
https://ckd.upgrad.com/UpGrad/adf01945-1057-49ba-8857-365019a4c90a/DDA1610003.zip,12/29/16-03:13:50
https://ckd.upgrad.com/UpGrad/bffa4817-a43d-474f-9686-3d2a9f0a61a4/DDA1610094.7z,01/03/17-22:24:46
https://ckd.upgrad.com/UpGrad/50c257d1-4478-4f1a-89a1-95925d5a1fa2/DDA1610101.zip,01/04/17-00:00:26
https://ckd.upgrad.com/UpGrad/d8bd86af-228d-46b9-844b-6512aa2068cd/DDA1610285.zip,01/03/17-23:46:39
https://ckd.upgrad.com/UpGrad/6cb7a0ad-3bfa-4b07-9040-d75982cda7fa/DDA1610163.zip,01/03/17-01:04:10
https://ckd.upgrad.com/UpGrad/080b96b7-485a-4a3d-9dd4-b2aca2b52f41/DDA160021.zip,01/03/17-22:15:30
https://ckd.upgrad.com/UpGrad/41a44412-2f48-4498-ba15-ab288ffa146c/DDA1610144.zip,01/09/17-23:30:12
https://ckd.upgrad.com/UpGrad/21bcabf3-0d26-490a-9051-24da604bb391/DDA1610040.zip,01/08/17-23:47:27
https://ckd.upgrad.com/UpGrad/d855f338-09c8-48cd-ad57-0d5579009a97/DDA1610204.zip,01/03/17-23:56:10
https://ckd.upgrad.com/UpGrad/a33adab9-35b8-4415-a84a-70baadc5c03d/DDA1610062.zip,01/10/17-01:05:45
https://ckd.upgrad.com/UpGrad/22d61bd2-597a-43fa-ba76-27a0b88a5a94/DDA1610284.zip,01/07/17-22:55:43
https://ckd.upgrad.com/UpGrad/6c1a884d-90f2-4299-8baa-a20b28a775ca/DDA1610161.zip,01/03/17-23:28:14
https://ckd.upgrad.com/UpGrad/797196cc-6537-410a-a098-ac2038797bba/DDA1610194.zip,01/03/17-23:36:37
https://ckd.upgrad.com/UpGrad/a2d78098-a4cd-4913-8fda-292d47d20b5a/DDA1610236.zip,01/03/17-14:33:29
https://ckd.upgrad.com/UpGrad/572da716-a2df-49ab-97c1-c327b10cb5ad/DDA1610041.zip,01/03/17-08:42:40
https://ckd.upgrad.com/UpGrad/539cf0f8-d5c5-411c-b824-61fa01d43fad/DDA1610135.zip,01/03/17-22:27:07
https://ckd.upgrad.com/UpGrad/49ca0843-7adf-4a92-9293-cba1fb53b4a4/DDA1610162.zip,12/31/16-00:27:21
https://ckd.upgrad.com/UpGrad/75849874-7723-4a33-829c-8ad53901f794/DDA1610219.zip,01/04/17-03:11:27
https://ckd.upgrad.com/UpGrad/7a64286b-a78c-4f75-8a02-f80ffc69a7af/DDA1610292.zip,01/10/17-00:03:29
https://ckd.upgrad.com/UpGrad/2723251a-a72d-438a-b275-a94ab648aad8/DDA1610098.zip,12/30/16-17:34:34
https://ckd.upgrad.com/UpGrad/567bfacb-48b0-425b-bb70-ca833d4b7a14/DDA1610255.zip,01/09/17-21:20:33
https://ckd.upgrad.com/UpGrad/a6a3aa94-dd30-4236-9249-b056fb29da13/DDA1610125.zip,01/02/17-22:22:58
https://ckd.upgrad.com/UpGrad/aa8c3d29-6a11-41dd-9f90-ad9da2cfa0d3/DDA1610222.zip,01/03/17-23:18:20
https://ckd.upgrad.com/UpGrad/aa008405-ca65-487a-8608-9a1dca83cc27/DDA1680584.zip,01/03/17-21:28:46
https://ckd.upgrad.com/UpGrad/d2343djgs-4239-9129-2sfdjhs345afbbc7/DDA1610231.zip,01/03/17-12:51:19
https://ckd.upgrad.com/UpGrad/8b6a8d61-733f-425a-910a-d1a531365a86/DDA1610169.zip,01/03/17-22:46:50
https://ckd.upgrad.com/UpGrad/b67a4743-6796-4c7a-aa7d-8afad6282cd2/DDA1610166.zip,01/09/17-23:40:12
https://ckd.upgrad.com/UpGrad/179b622a-41a5-4f93-b317-7f2882131d69/DDA1610175.zip,01/03/17-21:47:40
https://ckd.upgrad.com/UpGrad/a0b83a9b-f8b2-4a2c-8f73-6668af14fa8a/DDA1610015.zip,01/07/17-11:31:44
https://ckd.upgrad.com/UpGrad/8022a8ac-a72a-44f5-a90f-80ff7ad8339a/DDA1680843.zip,01/03/17-17:04:30
https://ckd.upgrad.com/UpGrad/490acf73-0029-45a3-835c-fac81df400bf/DDA1610199.zip,01/03/17-23:46:26
https://ckd.upgrad.com/UpGrad/19aa3aa1-77ba-459b-8177-022543079074/DDA1610016.zip,12/30/16-20:52:24
https://ckd.upgrad.com/UpGrad/fa2dfa52-db3c-4082-ac59-b8879b47c692/DDA1610186.zip,01/03/17-14:38:39
https://ckd.upgrad.com/UpGrad/901d5bdd-4211-4975-a0bf-c3c6a0d75470/DDA1610080.zip,01/03/17-21:35:11
https://ckd.upgrad.com/UpGrad/25f087f9-974d-4908-849b-219f76fba301/DDA1610031.zip,01/03/17-20:27:34
https://ckd.upgrad.com/UpGrad/b6b9b5aa-7f77-4740-a227-dabd6c212da4/DDA1610011.zip,01/03/17-22:28:00
https://ckd.upgrad.com/UpGrad/2850c0ab-28ab-433c-8ddd-d35080aa8b90/DDA1610178.zip,01/03/17-13:30:02
https://ckd.upgrad.com/UpGrad/591937ab-cd38-44c6-9750-abf5f5475413/DDA1610109.zip,01/03/17-21:09:43
https://ckd.upgrad.com/UpGrad/0387ccdd-a712-4094-9c7d-d30b646b6f73/DDA1610260.zip,01/09/17-21:51:20
https://ckd.upgrad.com/UpGrad/a65db4b2-3d37-46bw-83c1-d6c67fa87s4w/DDA1610010.zip,01/03/17-20:20:50
https://ckd.upgrad.com/UpGrad/21a2aa0a-6d9a-4aa7-a91b-6a1f1bc22778/DDA1610124.7z,01/03/17-22:33:45
https://ckd.upgrad.com/UpGrad/b10275c8-0a0a-47b6-b105-52a1487ab3ad/DDA1610267.zip,01/03/17-23:59:49
https://ckd.upgrad.com/UpGrad/0afb7f51-719d-426b-911f-7664b0f82911/DDA1610127.zip,01/03/17-18:43:57
https://ckd.upgrad.com/UpGrad/8a398a04-4383-4dd5-a647-5277145d9d05/DDA1610154.R,01/02/17-21:32:47
https://ckd.upgrad.com/UpGrad/b46a022a-b74b-4caa-b905-c7aad622db72/DDA1610014.zip,01/03/17-23:48:00
https://ckd.upgrad.com/UpGrad/3f831a1a-3082-4238-8f2a-a8030af050ca/DDA1610104.zip,01/03/17-18:33:15
https://ckd.upgrad.com/UpGrad/5b7c9a5f-3263-4854-9f38-46adb951b901/DDA1610152.zip,01/01/17-13:57:02
https://ckd.upgrad.com/UpGrad/aadfa80f-343c-4732-ac95-465cf6b12926/DDA1610187.zip,01/03/17-21:04:41
https://ckd.upgrad.com/UpGrad/33f83608-457a-42a3-bf20-c1a2c64b892c/DDA1610090.zip,01/03/17-21:57:19
https://ckd.upgrad.com/UpGrad/9ad16586-65ca-4a7f-ba83-7b198f5baa22/DDA1610099.zip,01/09/17-23:49:00
https://ckd.upgrad.com/UpGrad/6fc6d73a-c6dd-4b52-89a8-c5951a4a2ab4/DDA1610108.zip,01/03/17-23:29:35
https://ckd.upgrad.com/UpGrad/a4282825-253d-4327-b200-653b73c75c6f/DDA1610001.zip,01/03/17-23:20:17
https://ckd.upgrad.com/UpGrad/8002aa52-c1c0-4839-a8fc-b9bac5a79cab/DDA1610215.zip,01/01/17-19:08:07
https://ckd.upgrad.com/UpGrad/25a979ba-6271-496a-98c9-a1fc8a75da14/DDA1610004.zip,01/03/17-23:45:36
https://ckd.upgrad.com/UpGrad/b29ffdd8-0d48-47a9-bd5a-0040df78caf1/DDA1610286.zip,01/02/17-14:32:35
https://ckd.upgrad.com/UpGrad/a160f79d-26fa-4a62-8d55-a32bdf997a5f/DDA1610116.zip,01/03/17-23:13:56
https://ckd.upgrad.com/UpGrad/3dafd0aa-d59d-4c0a-837b-79a6a2467530/DDA1610088.zip,01/02/17-22:21:48
https://ckd.upgrad.com/UpGrad/63ffc96d-c821-437d-88b4-a4111ac5aaa7/DDA1610283.zip,12/30/16-19:44:32
https://ckd.upgrad.com/UpGrad/d4d415a4-f40a-49f3-ada3-7a44a82c60c2/DDA1610241.zip,01/03/17-23:55:20
https://ckd.upgrad.com/UpGrad/6b16aa55-f108-481a-a92a-46b665a910af/DDA1610270.zip,01/03/17-18:34:15
https://ckd.upgrad.com/UpGrad/5cf6930c-a9f3-41f1-8cf4-422b314673fc/DDA1610192.zip,01/01/17-22:45:11
https://ckd.upgrad.com/UpGrad/56253d5b-4604-4235-85f0-5aa0afdaa66b/DDA1610035.zip,01/03/17-23:09:24
https://ckd.upgrad.com/UpGrad/b4b8c6d1-7da7-4b6f-bc68-973af70c5340/DDA1610299.zip,01/03/17-10:47:58
https://ckd.upgrad.com/UpGrad/af03448a-a632-4ba1-af61-dcd2764d237a/DDA1610251.zip,01/02/17-17:37:10
https://ckd.upgrad.com/UpGrad/703aa555-f7f3-46df-8c33-7a9f117aa521/DDA1610248.zip,01/03/17-09:49:31
https://ckd.upgrad.com/UpGrad/5ab6d99a-aadd-40c9-b790-ad3da2872618/DDA1610280.zip,01/09/17-22:31:37
https://ckd.upgrad.com/UpGrad/c3379732-648f-457f-a360-7a6da3d2b092/DDA1610209.zip,01/03/17-21:19:18
https://ckd.upgrad.com/UpGrad/bab870d9-d191-4a26-811c-28fa2487aca0/DDA1610193.zip,01/08/17-23:59:21
https://ckd.upgrad.com/UpGrad/3fb950ca-35f2-435c-b6d6-6918f9b1c19a/DDA1610138.zip,01/03/17-22:38:17
https://ckd.upgrad.com/UpGrad/ba485323-bba6-4b16-9283-958406a78a6f/DDA1610228.zip,01/03/17-22:43:12
https://ckd.upgrad.com/UpGrad/a65694d0-339b-44f3-b6bf-a3b15c87ab9c/DDA1610200.zip,01/09/17-23:59:34
https://ckd.upgrad.com/UpGrad/c3876ddf-2b2f-4a55-952d-2df78fc12ad8/DDA1610183.zip,12/19/16-21:44:13
https://ckd.upgrad.com/UpGrad/2b9732ad-0985-4af4-a473-4700174afbc0/DDA1610013.R,01/09/17-23:23:06
https://ckd.upgrad.com/UpGrad/21da378c-75a4-4a37-9924-d2a971ba5290/DDA1610048.zip,01/03/17-22:32:38
